Workbook

Sheet Monthly
A1: Month | B1: Gross revenue | C1: Cancelled | D1: Orders | E1: Net revenue | F1: Net MoM % | G1: Net YoY % | H1: Year | I1: Partial month
A2: 40148 | B2: 797738.02 | C2: 19558.08 | D2: 1666 | E2: =B2-C2 | G2: =IFERROR(E2/INDEX($E$2:$E$26,MATCH(EDATE(A2,-12),$A$2:$A$26,0))-1,"") | H2: =YEAR(A2) | I2: =IF(A2=DATE(2011,12,1),"partial","")
A3: 40179 | B3: 612271.2 | C3: 7465.63 | D3: 1049 | E3: =B3-C3 | F3: =IFERROR(E3/E2-1,"") | G3: =IFERROR(E3/INDEX($E$2:$E$26,MATCH(EDATE(A3,-12),$A$2:$A$26,0))-1,"") | H3: =YEAR(A3) | I3: =IF(A3=DATE(2011,12,1),"partial","")
A4: 40210 | B4: 537893.54 | C4: 12575.44 | D4: 1189 | E4: =B4-C4 | F4: =IFERROR(E4/E3-1,"") | G4: =IFERROR(E4/INDEX($E$2:$E$26,MATCH(EDATE(A4,-12),$A$2:$A$26,0))-1,"") | H4: =YEAR(A4) | I4: =IF(A4=DATE(2011,12,1),"partial","")
A5: 40238 | B5: 761665.62 | C5: 9603.85 | D5: 1647 | E5: =B5-C5 | F5: =IFERROR(E5/E4-1,"") | G5: =IFERROR(E5/INDEX($E$2:$E$26,MATCH(EDATE(A5,-12),$A$2:$A$26,0))-1,"") | H5: =YEAR(A5) | I5: =IF(A5=DATE(2011,12,1),"partial","")
A6: 40269 | B6: 646233.18 | C6: 10025.26 | D6: 1435 | E6: =B6-C6 | F6: =IFERROR(E6/E5-1,"") | G6: =IFERROR(E6/INDEX($E$2:$E$26,MATCH(EDATE(A6,-12),$A$2:$A$26,0))-1,"") | H6: =YEAR(A6) | I6: =IF(A6=DATE(2011,12,1),"partial","")
A7: 40299 | B7: 643474.28 | C7: 37192.89 | D7: 1484 | E7: =B7-C7 | F7: =IFERROR(E7/E6-1,"") | G7: =IFERROR(E7/INDEX($E$2:$E$26,MATCH(EDATE(A7,-12),$A$2:$A$26,0))-1,"") | H7: =YEAR(A7) | I7: =IF(A7=DATE(2011,12,1),"partial","")
A8: 40330 | B8: 696439.47 | C8: 26336.86 | D8: 1612 | E8: =B8-C8 | F8: =IFERROR(E8/E7-1,"") | G8: =IFERROR(E8/INDEX($E$2:$E$26,MATCH(EDATE(A8,-12),$A$2:$A$26,0))-1,"") | H8: =YEAR(A8) | I8: =IF(A8=DATE(2011,12,1),"partial","")
A9: 40360 | B9: 632983.51 | C9: 17132.73 | D9: 1507 | E9: =B9-C9 | F9: =IFERROR(E9/E8-1,"") | G9: =IFERROR(E9/INDEX($E$2:$E$26,MATCH(EDATE(A9,-12),$A$2:$A$26,0))-1,"") | H9: =YEAR(A9) | I9: =IF(A9=DATE(2011,12,1),"partial","")
A10: 40391 | B10: 674036.87 | C10: 12397.6 | D10: 1402 | E10: =B10-C10 | F10: =IFERROR(E10/E9-1,"") | G10: =IFERROR(E10/INDEX($E$2:$E$26,MATCH(EDATE(A10,-12),$A$2:$A$26,0))-1,"") | H10: =YEAR(A10) | I10: =IF(A10=DATE(2011,12,1),"partial","")
A11: 40422 | B11: 869224.44 | C11: 27686.42 | D11: 1789 | E11: =B11-C11 | F11: =IFERROR(E11/E10-1,"") | G11: =IFERROR(E11/INDEX($E$2:$E$26,MATCH(EDATE(A11,-12),$A$2:$A$26,0))-1,"") | H11: =YEAR(A11) | I11: =IF(A11=DATE(2011,12,1),"partial","")
A12: 40452 | B12: 1094357.7 | C12: 25451.07 | D12: 2244 | E12: =B12-C12 | F12: =IFERROR(E12/E11-1,"") | G12: =IFERROR(E12/INDEX($E$2:$E$26,MATCH(EDATE(A12,-12),$A$2:$A$26,0))-1,"") | H12: =YEAR(A12) | I12: =IF(A12=DATE(2011,12,1),"partial","")
A13: 40483 | B13: 1429553.5 | C13: 35098.98 | D13: 2719 | E13: =B13-C13 | F13: =IFERROR(E13/E12-1,"") | G13: =IFERROR(E13/INDEX($E$2:$E$26,MATCH(EDATE(A13,-12),$A$2:$A$26,0))-1,"") | H13: =YEAR(A13) | I13: =IF(A13=DATE(2011,12,1),"partial","")
A14: 40513 | B14: 775572.23 | C14: 17547.86 | D14: 1550 | E14: =B14-C14 | F14: =IFERROR(E14/E13-1,"") | G14: =IFERROR(E14/INDEX($E$2:$E$26,MATCH(EDATE(A14,-12),$A$2:$A$26,0))-1,"") | H14: =YEAR(A14) | I14: =IF(A14=DATE(2011,12,1),"partial","")
... A26: 40878 | B26: 614487.63 | C26: 174091.36 | D26: 816 | E26: =B26-C26 | F26: =IFERROR(E26/E25-1,"") | G26: =IFERROR(E26/INDEX($E$2:$E$26,MATCH(EDATE(A26,-12),$A$2:$A$26,0))-1,"") | H26: =YEAR(A26) | I26: =IF(A26=DATE(2011,12,1),"partial","")

Sheet Summary
A1: Net revenue, formulas total | B1: =SUM(Monthly!E2:E26)
A2: Net revenue, warehouse (SQL) | B2: 18926266
A3: Difference (must be 0) | B3: =ROUND(B1-B2,2)
A5: Best month by net revenue | B5: =INDEX(Monthly!A2:A26,MATCH(MAX(Monthly!E2:E26),Monthly!E2:E26,0))
A6: Net revenue in that month | B6: =MAX(Monthly!E2:E26)
A8: Year | B8: Gross revenue | C8: Cancelled | D8: Net revenue | E8: Cancellation rate
A9: 2009 | B9: =SUMIFS(Monthly!$B$2:$B$26,Monthly!$H$2:$H$26,A9) | C9: =SUMIFS(Monthly!$C$2:$C$26,Monthly!$H$2:$H$26,A9) | D9: =B9-C9 | E9: =IFERROR(C9/B9,"")
A10: 2010 | B10: =SUMIFS(Monthly!$B$2:$B$26,Monthly!$H$2:$H$26,A10) | C10: =SUMIFS(Monthly!$C$2:$C$26,Monthly!$H$2:$H$26,A10) | D10: =B10-C10 | E10: =IFERROR(C10/B10,"")
A11: 2011 | B11: =SUMIFS(Monthly!$B$2:$B$26,Monthly!$H$2:$H$26,A11) | C11: =SUMIFS(Monthly!$C$2:$C$26,Monthly!$H$2:$H$26,A11) | D11: =B11-C11 | E11: =IFERROR(C11/B11,"")
